{
  "summary": {
    "experiment": "experiment_03_trajectory_analysis",
    "seed": 7,
    "target_kind": "gradient",
    "steps": 16,
    "final_error": 0.05147939547896385,
    "stop_reason": "policy_stop",
    "oracle_action_match_rate": 0.25,
    "total_action_regret": 0.01878562569618225,
    "mean_action_regret": 0.0011741016060113907,
    "max_action_regret": 0.003966074436903,
    "trajectory_prediction_mae": 0.001356803986709565,
    "prediction_bias": -0.00010794581612572074,
    "zero_improvement_steps": 0,
    "negative_improvement_steps": 0,
    "longest_repeated_action": {
      "stroke_index": 364,
      "count": 1
    },
    "premature_stop": true,
    "teacher_improvement_at_student_stop": 0.004295721650123596,
    "first_zero_improvement_step": null,
    "first_negative_improvement_step": null,
    "first_repeated_action_step": null,
    "large_regret_threshold": 0.005,
    "first_large_regret_step": null
  },
  "trajectory": [
    {
      "step": 0,
      "decision": "stroke",
      "stroke_index": 364,
      "predicted_improvement": 0.02219993621110916,
      "actual_improvement": 0.022277846932411194,
      "teacher_stroke_index": 252,
      "teacher_best_improvement": 0.022657454013824463,
      "action_match": false,
      "action_regret": 0.00037960708141326904,
      "error_before": 0.19064415991306305,
      "error_after": 0.16836631298065186,
      "prediction_error": -7.791072130203247e-05,
      "prediction_absolute_error": 7.791072130203247e-05,
      "repeated_action_count": 1
    },
    {
      "step": 1,
      "decision": "stroke",
      "stroke_index": 748,
      "predicted_improvement": 0.0210854634642601,
      "actual_improvement": 0.02227783203125,
      "teacher_stroke_index": 764,
      "teacher_best_improvement": 0.02265743911266327,
      "action_match": false,
      "action_regret": 0.00037960708141326904,
      "error_before": 0.16836631298065186,
      "error_after": 0.14608848094940186,
      "prediction_error": -0.0011923685669898987,
      "prediction_absolute_error": 0.0011923685669898987,
      "repeated_action_count": 1
    },
    {
      "step": 2,
      "decision": "stroke",
      "stroke_index": 124,
      "predicted_improvement": 0.014670096337795258,
      "actual_improvement": 0.016277119517326355,
      "teacher_stroke_index": 124,
      "teacher_best_improvement": 0.016277119517326355,
      "action_match": true,
      "action_regret": 0.0,
      "error_before": 0.14608848094940186,
      "error_after": 0.1298113614320755,
      "prediction_error": -0.0016070231795310974,
      "prediction_absolute_error": 0.0016070231795310974,
      "repeated_action_count": 1
    },
    {
      "step": 3,
      "decision": "stroke",
      "stroke_index": 1020,
      "predicted_improvement": 0.01220581866800785,
      "actual_improvement": 0.016277126967906952,
      "teacher_stroke_index": 1020,
      "teacher_best_improvement": 0.016277126967906952,
      "action_match": true,
      "action_regret": 0.0,
      "error_before": 0.1298113614320755,
      "error_after": 0.11353423446416855,
      "prediction_error": -0.004071308299899101,
      "prediction_absolute_error": 0.004071308299899101,
      "repeated_action_count": 1
    },
    {
      "step": 4,
      "decision": "stroke",
      "stroke_index": 207,
      "predicted_improvement": 0.009334312751889229,
      "actual_improvement": 0.010520093142986298,
      "teacher_stroke_index": 207,
      "teacher_best_improvement": 0.010520093142986298,
      "action_match": true,
      "action_regret": 0.0,
      "error_before": 0.11353423446416855,
      "error_after": 0.10301414132118225,
      "prediction_error": -0.0011857803910970688,
      "prediction_absolute_error": 0.0011857803910970688,
      "repeated_action_count": 1
    },
    {
      "step": 5,
      "decision": "stroke",
      "stroke_index": 847,
      "predicted_improvement": 0.012491170316934586,
      "actual_improvement": 0.010520093142986298,
      "teacher_stroke_index": 847,
      "teacher_best_improvement": 0.010520093142986298,
      "action_match": true,
      "action_regret": 0.0,
      "error_before": 0.10301414132118225,
      "error_after": 0.09249404817819595,
      "prediction_error": 0.001971077173948288,
      "prediction_absolute_error": 0.001971077173948288,
      "repeated_action_count": 1
    },
    {
      "step": 6,
      "decision": "stroke",
      "stroke_index": 447,
      "predicted_improvement": 0.008753013797104359,
      "actual_improvement": 0.008832454681396484,
      "teacher_stroke_index": 463,
      "teacher_best_improvement": 0.00893951952457428,
      "action_match": false,
      "action_regret": 0.00010706484317779541,
      "error_before": 0.09249404817819595,
      "error_after": 0.08366159349679947,
      "prediction_error": -7.94408842921257e-05,
      "prediction_absolute_error": 7.94408842921257e-05,
      "repeated_action_count": 1
    },
    {
      "step": 7,
      "decision": "stroke",
      "stroke_index": 815,
      "predicted_improvement": 0.0066426414996385574,
      "actual_improvement": 0.005332663655281067,
      "teacher_stroke_index": 508,
      "teacher_best_improvement": 0.008331701159477234,
      "action_match": false,
      "action_regret": 0.002999037504196167,
      "error_before": 0.08366159349679947,
      "error_after": 0.0783289298415184,
      "prediction_error": 0.0013099778443574905,
      "prediction_absolute_error": 0.0013099778443574905,
      "repeated_action_count": 1
    },
    {
      "step": 8,
      "decision": "stroke",
      "stroke_index": 636,
      "predicted_improvement": 0.005877774674445391,
      "actual_improvement": 0.008331701159477234,
      "teacher_stroke_index": 508,
      "teacher_best_improvement": 0.008331701159477234,
      "action_match": false,
      "action_regret": 0.0,
      "error_before": 0.0783289298415184,
      "error_after": 0.06999722868204117,
      "prediction_error": -0.002453926485031843,
      "prediction_absolute_error": 0.002453926485031843,
      "repeated_action_count": 1
    },
    {
      "step": 9,
      "decision": "stroke",
      "stroke_index": 988,
      "predicted_improvement": 0.004663965664803982,
      "actual_improvement": 0.004820466041564941,
      "teacher_stroke_index": 604,
      "teacher_best_improvement": 0.005192652344703674,
      "action_match": false,
      "action_regret": 0.0003721863031387329,
      "error_before": 0.06999722868204117,
      "error_after": 0.06517676264047623,
      "prediction_error": -0.00015650037676095963,
      "prediction_absolute_error": 0.00015650037676095963,
      "repeated_action_count": 1
    },
    {
      "step": 10,
      "decision": "stroke",
      "stroke_index": 591,
      "predicted_improvement": 0.004228559322655201,
      "actual_improvement": 0.003661118447780609,
      "teacher_stroke_index": 604,
      "teacher_best_improvement": 0.005192648619413376,
      "action_match": false,
      "action_regret": 0.0015315301716327667,
      "error_before": 0.06517676264047623,
      "error_after": 0.06151564419269562,
      "prediction_error": 0.0005674408748745918,
      "prediction_absolute_error": 0.0005674408748745918,
      "repeated_action_count": 1
    },
    {
      "step": 11,
      "decision": "stroke",
      "stroke_index": 15,
      "predicted_improvement": 0.003957780078053474,
      "actual_improvement": 0.0008543916046619415,
      "teacher_stroke_index": 92,
      "teacher_best_improvement": 0.004820466041564941,
      "action_match": false,
      "action_regret": 0.003966074436903,
      "error_before": 0.06151564419269562,
      "error_after": 0.060661252588033676,
      "prediction_error": 0.003103388473391533,
      "prediction_absolute_error": 0.003103388473391533,
      "repeated_action_count": 1
    },
    {
      "step": 12,
      "decision": "stroke",
      "stroke_index": 47,
      "predicted_improvement": 0.00337504455819726,
      "actual_improvement": 0.0040954649448394775,