{
  "policy": "student_with_greedy_teacher_diagnosis",
  "seed": 10,
  "target_kind": "gradient",
  "image_size": 16,
  "max_steps": 32,
  "stop_threshold": 0.0001,
  "device": "cuda",
  "initial_error": 0.33103492856025696,
  "final_error": 0.1319972425699234,
  "error_reduction": 0.19903768599033356,
  "steps": 32,
  "stop_reason": "max_steps",
  "total_actual_improvement": 0.19903768599033356,
  "positive_improvement_steps": 9,
  "zero_improvement_steps": 23,
  "negative_improvement_steps": 0,
  "longest_repeated_action": {
    "stroke_index": 46,
    "count": 23
  },
  "oracle_action_match_count": 1,
  "oracle_action_match_rate": 0.03125,
  "total_action_regret": 0.30354193598032,
  "mean_action_regret": 0.009485685499385,
  "max_action_regret": 0.012902118265628815,
  "trajectory_prediction_mae": 0.007618804753292352,
  "premature_stop": false,
  "teacher_improvement_at_student_stop": null,
  "teacher_action_at_student_stop": null,
  "trajectory": [
    {
      "step": 0,
      "decision": "stroke",
      "stroke_index": 363,
      "predicted_improvement": 0.03325147554278374,
      "actual_improvement": 0.03438401222229004,
      "teacher_stroke_index": 251,
      "teacher_best_improvement": 0.03470206260681152,
      "action_match": false,
      "action_regret": 0.0003180503845214844,
      "error_before": 0.33103492856025696,
      "error_after": 0.2966509163379669
    },
    {
      "step": 1,
      "decision": "stroke",
      "stroke_index": 747,
      "predicted_improvement": 0.03317159414291382,
      "actual_improvement": 0.03438404202461243,
      "teacher_stroke_index": 763,
      "teacher_best_improvement": 0.03470209240913391,
      "action_match": false,
      "action_regret": 0.0003180503845214844,
      "error_before": 0.2966509163379669,
      "error_after": 0.2622668743133545
    },
    {
      "step": 2,
      "decision": "stroke",
      "stroke_index": 107,
      "predicted_improvement": 0.0249178484082222,
      "actual_improvement": 0.024151399731636047,
      "teacher_stroke_index": 123,
      "teacher_best_improvement": 0.024935483932495117,
      "action_match": false,
      "action_regret": 0.0007840842008590698,
      "error_before": 0.2622668743133545,
      "error_after": 0.23811547458171844
    },
    {
      "step": 3,
      "decision": "stroke",
      "stroke_index": 1003,
      "predicted_improvement": 0.021907169371843338,
      "actual_improvement": 0.024151429533958435,
      "teacher_stroke_index": 1019,
      "teacher_best_improvement": 0.024935483932495117,
      "action_match": false,
      "action_regret": 0.0007840543985366821,
      "error_before": 0.23811547458171844,
      "error_after": 0.21396404504776
    },
    {
      "step": 4,
      "decision": "stroke",
      "stroke_index": 590,
      "predicted_improvement": 0.016333747655153275,
      "actual_improvement": 0.01568657159805298,
      "teacher_stroke_index": 174,
      "teacher_best_improvement": 0.01842355728149414,
      "action_match": false,
      "action_regret": 0.002736985683441162,
      "error_before": 0.21396404504776,
      "error_after": 0.19827747344970703
    },
    {
      "step": 5,
      "decision": "stroke",
      "stroke_index": 286,
      "predicted_improvement": 0.01617828756570816,
      "actual_improvement": 0.018067359924316406,
      "teacher_stroke_index": 174,
      "teacher_best_improvement": 0.01842355728149414,
      "action_match": false,
      "action_regret": 0.0003561973571777344,
      "error_before": 0.19827747344970703,
      "error_after": 0.18021011352539062
    },
    {
      "step": 6,
      "decision": "stroke",
      "stroke_index": 670,
      "predicted_improvement": 0.014337883330881596,
      "actual_improvement": 0.0180673748254776,
      "teacher_stroke_index": 814,
      "teacher_best_improvement": 0.01842355728149414,
      "action_match": false,
      "action_regret": 0.00035618245601654053,
      "error_before": 0.18021011352539062,
      "error_after": 0.16214273869991302
    },
    {
      "step": 7,
      "decision": "stroke",
      "stroke_index": 46,
      "predicted_improvement": 0.012262015603482723,
      "actual_improvement": 0.014951109886169434,
      "teacher_stroke_index": 190,
      "teacher_best_improvement": 0.016090720891952515,
      "action_match": false,
      "action_regret": 0.001139611005783081,
      "error_before": 0.16214273869991302,
      "error_after": 0.1471916288137436
    },
    {
      "step": 8,
      "decision": "stroke",
      "stroke_index": 830,
      "predicted_improvement": 0.011496935971081257,
      "actual_improvement": 0.01519438624382019,
      "teacher_stroke_index": 830,
      "teacher_best_improvement": 0.01519438624382019,
      "action_match": true,
      "action_regret": 0.0,
      "error_before": 0.1471916288137436,
      "error_after": 0.1319972425699234
    },
    {
      "step": 9,
      "decision": "stroke",
      "stroke_index": 46,
      "predicted_improvement": 0.009817120619118214,
      "actual_improvement": 0.0,
      "teacher_stroke_index": 379,
      "teacher_best_improvement": 0.012902118265628815,
      "action_match": false,
      "action_regret": 0.012902118265628815,
      "error_before": 0.1319972425699234,
      "error_after": 0.1319972425699234
    },
    {
      "step": 10,
      "decision": "stroke",
      "stroke_index": 46,
      "predicted_improvement": 0.009817120619118214,
      "actual_improvement": 0.0,
      "teacher_stroke_index": 379,
      "teacher_best_improvement": 0.012902118265628815,
      "action_match": false,
      "action_regret": 0.012902118265628815,
      "error_before": 0.1319972425699234,
      "error_after": 0.1319972425699234
    },
    {
      "step": 11,
      "decision": "stroke",
      "stroke_index": 46,
      "predicted_improvement": 0.009817120619118214,
      "actual_improvement": 0.0,
      "teacher_stroke_index": 379,
      "teacher_best_improvement": 0.012902118265628815,
      "action_match": false,
      "action_regret": 0.012902118265628815,
      "error_before": 0.1319972425699234,
      "error_after": 0.1319972425699234
    },
    {
      "step": 12,
      "decision": "stroke",
      "stroke_index": 46,
      "predicted_improvement": 0.009817120619118214,
      "actual_improvement": 0.0,
      "teacher_stroke_index": 379,
      "teacher_best_improvement": 0.012902118265628815,
      "action_match": false,
      "action_regret": 0.012902118265628815,
      "error_before": 0.1319972425699234,
      "error_after": 0.1319972425699234
    },
    {
      "step": 13,
      "decision": "stroke",
      "stroke_index": 46,
      "predicted_improvement": 0.009817120619118214,
      "actual_improvement": 0.0,
      "teacher_stroke_index": 379,
      "teacher_best_improvement": 0.012902118265628815,
      "action_match": false,
      "action_regret": 0.012902118265628815,
      "error_before": 0.1319972425699234,
      "error_after": 0.1319972425699234
    },
    {
      "step": 14,
      "decision": "stroke",
      "stroke_index": 46,
      "predicted_improvement": 0.009817120619118214,
      "actual_improvement": 0.0,
      "teacher_stroke_index": 379,
      "teacher_best_improvement": 0.012902118265628815,
      "action_match": false,
      "action_regret": 0.012902118265628815,
      "error_before": 0.1319972425699234,
      "error_after": 0.1319972425699234
    },
    {
      "step": 15,
      "decision": "stroke",
      "stroke_index": 46,
      "predicted_improvement": 0.009817120619118214,
      "actual_improvement": 0.0,
      "teacher_stroke_index": 379,
      "teacher_best_improvement": 0.012902118265628815,
      "action_match": false,
      "action_regret": 0.012902118265628815,
      "error_before": 0.1319972425699234,
      "error_after": 0.1319972425699234
    },
    {
      "step": 16,
      "decision": "stroke",
      "stroke_index": 46,
      "predicted_improvement": 0.009817120619118214,
      "actual_improvement": 0.0,
      "teacher_stroke_index": 379,